{
    "std": [
        "std",
        "reYIK",
        "module",
        1
    ],
    "mm256_naive_tb": [
        "mm256_naive_tb",
        "zkduz",
        "module",
        7
    ],
    "naive_xm": [
        "naive_xm",
        "RcikH",
        "module",
        8
    ],
    "pip_000E": [
        "pip_000E",
        "Vq2VE",
        "module",
        5
    ],
    "pip_000F": [
        "pip_000F",
        "jqVVu",
        "module",
        4
    ],
    "pip_0010": [
        "pip_0010",
        "yR07I",
        "module",
        3
    ],
    "pip_0011": [
        "pip_0011",
        "Uz2WZ",
        "module",
        2
    ],
    "pip_0012": [
        "pip_0012",
        "R1rCW",
        "module",
        9
    ],
    "pip_0013": [
        "pip_0013",
        "Sm7Gy",
        "module",
        10
    ],
    "pip_0014": [
        "pip_0014",
        "gJBHU",
        "module",
        11
    ],
    "pip_0015": [
        "pip_0015",
        "IqNcV",
        "module",
        12
    ],
    "pip_0016": [
        "pip_0016",
        "gT6Tq",
        "module",
        13
    ],
    "...MASTER...": [
        "SIM",
        "amcQw",
        "module",
        6
    ]
}